"statename","year","BDRM1","BDRM2","Studio","MGR_all","state"
"Alabama",2015,567,702,606,729,"AL"
"Alabama",2015,567,702,606,729,"AL"
"Alabama",2015,567,702,606,729,"AL"
"Alabama",2016,575,714,536,743,"AL"
"Alabama",2016,575,714,536,743,"AL"
"Alabama",2016,575,714,536,743,"AL"
"Alabama",2017,587,721,590,750,"AL"
"Alabama",2017,587,721,590,750,"AL"
"Alabama",2017,587,721,590,750,"AL"
"Alabama",2018,605,752,586,788,"AL"
"Alabama",2018,605,752,586,788,"AL"
"Alabama",2018,605,752,586,788,"AL"
"Alabama",2019,651,777,562,807,"AL"
"Alabama",2019,651,777,562,807,"AL"
"Alabama",2019,651,777,562,807,"AL"
"Alaska",2015,892,1170,800,1163,"AK"
"Alaska",2015,892,1170,800,1163,"AK"
"Alaska",2015,892,1170,800,1163,"AK"
"Alaska",2016,936,1203,744,1208,"AK"
"Alaska",2016,936,1203,744,1208,"AK"
"Alaska",2016,936,1203,744,1208,"AK"
"Alaska",2017,853,1208,760,1201,"AK"
"Alaska",2017,853,1208,760,1201,"AK"
"Alaska",2017,853,1208,760,1201,"AK"
"Alaska",2018,897,1162,822,1177,"AK"
"Alaska",2018,897,1162,822,1177,"AK"
"Alaska",2018,897,1162,822,1177,"AK"
"Alaska",2019,881,1220,806,1201,"AK"
"Alaska",2019,881,1220,806,1201,"AK"
"Alaska",2019,881,1220,806,1201,"AK"
"Arizona",2015,715,880,652,933,"AZ"
"Arizona",2015,715,880,652,933,"AZ"
"Arizona",2015,715,880,652,933,"AZ"
"Arizona",2016,751,935,679,976,"AZ"
"Arizona",2016,751,935,679,976,"AZ"
"Arizona",2016,751,935,679,976,"AZ"
"Arizona",2017,804,965,802,1020,"AZ"
"Arizona",2017,804,965,802,1020,"AZ"
"Arizona",2017,804,965,802,1020,"AZ"
"Arizona",2018,842,1007,758,1036,"AZ"
"Arizona",2018,842,1007,758,1036,"AZ"
"Arizona",2018,842,1007,758,1036,"AZ"
"Arizona",2019,889,1083,788,1101,"AZ"
"Arizona",2019,889,1083,788,1101,"AZ"
"Arizona",2019,889,1083,788,1101,"AZ"
"Arkansas",2015,519,673,514,695,"AR"
"Arkansas",2015,519,673,514,695,"AR"
"Arkansas",2015,519,673,514,695,"AR"
"Arkansas",2016,551,687,502,701,"AR"
"Arkansas",2016,551,687,502,701,"AR"
"Arkansas",2016,551,687,502,701,"AR"
"Arkansas",2017,539,682,499,711,"AR"
"Arkansas",2017,539,682,499,711,"AR"
"Arkansas",2017,539,682,499,711,"AR"
"Arkansas",2018,548,700,588,731,"AR"
"Arkansas",2018,548,700,588,731,"AR"
"Arkansas",2018,548,700,588,731,"AR"
"Arkansas",2019,576,714,536,742,"AR"
"Arkansas",2019,576,714,536,742,"AR"
"Arkansas",2019,576,714,536,742,"AR"
"California",2015,1105,1325,960,1311,"CA"
"California",2015,1105,1325,960,1311,"CA"
"California",2015,1105,1325,960,1311,"CA"
"California",2016,1151,1392,1022,1375,"CA"
"California",2016,1151,1392,1022,1375,"CA"
"California",2016,1151,1392,1022,1375,"CA"
"California",2017,1208,1480,1086,1447,"CA"
"California",2017,1208,1480,1086,1447,"CA"
"California",2017,1208,1480,1086,1447,"CA"
"California",2018,1291,1562,1150,1520,"CA"
"California",2018,1291,1562,1150,1520,"CA"
"California",2018,1291,1562,1150,1520,"CA"
"California",2019,1379,1655,1248,1614,"CA"
"California",2019,1379,1655,1248,1614,"CA"
"California",2019,1379,1655,1248,1614,"CA"
"Colorado",2015,910,1098,815,1111,"CO"
"Colorado",2015,910,1098,815,1111,"CO"
"Colorado",2015,910,1098,815,1111,"CO"
"Colorado",2016,973,1162,855,1171,"CO"
"Colorado",2016,973,1162,855,1171,"CO"
"Colorado",2016,973,1162,855,1171,"CO"
"Colorado",2017,1051,1238,947,1240,"CO"
"Colorado",2017,1051,1238,947,1240,"CO"
"Colorado",2017,1051,1238,947,1240,"CO"
"Colorado",2018,1119,1302,976,1289,"CO"
"Colorado",2018,1119,1302,976,1289,"CO"
"Colorado",2018,1119,1302,976,1289,"CO"
"Colorado",2019,1196,1391,1068,1369,"CO"
"Colorado",2019,1196,1391,1068,1369,"CO"
"Colorado",2019,1196,1391,1068,1369,"CO"
"Connecticut",2015,905,1151,740,1108,"CT"
"Connecticut",2015,905,1151,740,1108,"CT"
"Connecticut",2015,905,1151,740,1108,"CT"
"Connecticut",2016,927,1158,722,1115,"CT"
"Connecticut",2016,927,1158,722,1115,"CT"
"Connecticut",2016,927,1158,722,1115,"CT"
"Connecticut",2017,927,1188,780,1125,"CT"
"Connecticut",2017,927,1188,780,1125,"CT"
"Connecticut",2017,927,1188,780,1125,"CT"
"Connecticut",2018,951,1226,802,1171,"CT"
"Connecticut",2018,951,1226,802,1171,"CT"
"Connecticut",2018,951,1226,802,1171,"CT"
"Connecticut",2019,964,1233,846,1177,"CT"
"Connecticut",2019,964,1233,846,1177,"CT"
"Connecticut",2019,964,1233,846,1177,"CT"
"Delaware",2015,827,1028,823,1049,"DE"
"Delaware",2015,827,1028,823,1049,"DE"
"Delaware",2015,827,1028,823,1049,"DE"
"Delaware",2016,860,1020,870,1048,"DE"
"Delaware",2016,860,1020,870,1048,"DE"
"Delaware",2016,860,1020,870,1048,"DE"
"Delaware",2017,880,1099,842,1086,"DE"
"Delaware",2017,880,1099,842,1086,"DE"
"Delaware",2017,880,1099,842,1086,"DE"
"Delaware",2018,875,1093,864,1108,"DE"
"Delaware",2018,875,1093,864,1108,"DE"
"Delaware",2018,875,1093,864,1108,"DE"
"Delaware",2019,932,1112,973,1116,"DE"
"Delaware",2019,932,1112,973,1116,"DE"
"Delaware",2019,932,1112,973,1116,"DE"
"District of Columbia",2015,1388,1347,1376,1417,"DC"
"District of Columbia",2015,1388,1347,1376,1417,"DC"
"District of Columbia",2015,1388,1347,1376,1417,"DC"
"District of Columbia",2016,1326,1348,1358,1376,"DC"
"District of Columbia",2016,1326,1348,1358,1376,"DC"
"District of Columbia",2016,1326,1348,1358,1376,"DC"
"District of Columbia",2017,1352,1566,1541,1499,"DC"
"District of Columbia",2017,1352,1566,1541,1499,"DC"
"District of Columbia",2017,1352,1566,1541,1499,"DC"
"District of Columbia",2018,1504,1432,1514,1516,"DC"
"District of Columbia",2018,1504,1432,1514,1516,"DC"
"District of Columbia",2018,1504,1432,1514,1516,"DC"
"District of Columbia",2019,1607,1594,1573,1603,"DC"
"District of Columbia",2019,1607,1594,1573,1603,"DC"
"District of Columbia",2019,1607,1594,1573,1603,"DC"
"Florida",2015,845,1024,783,1046,"FL"
"Florida",2015,845,1024,783,1046,"FL"
"Florida",2015,845,1024,783,1046,"FL"
"Florida",2016,884,1073,840,1086,"FL"
"Florida",2016,884,1073,840,1086,"FL"
"Florida",2016,884,1073,840,1086,"FL"
"Florida",2017,938,1113,858,1128,"FL"
"Florida",2017,938,1113,858,1128,"FL"
"Florida",2017,938,1113,858,1128,"FL"
"Florida",2018,974,1176,931,1182,"FL"
"Florida",2018,974,1176,931,1182,"FL"
"Florida",2018,974,1176,931,1182,"FL"
"Florida",2019,1040,1240,1002,1238,"FL"
"Florida",2019,1040,1240,1002,1238,"FL"
"Florida",2019,1040,1240,1002,1238,"FL"
"Georgia",2015,785,852,753,909,"GA"
"Georgia",2015,785,852,753,909,"GA"
"Georgia",2015,785,852,753,909,"GA"
"Georgia",2016,823,871,722,933,"GA"
"Georgia",2016,823,871,722,933,"GA"
"Georgia",2016,823,871,722,933,"GA"
"Georgia",2017,859,887,761,958,"GA"
"Georgia",2017,859,887,761,958,"GA"
"Georgia",2017,859,887,761,958,"GA"
"Georgia",2018,917,940,853,1008,"GA"
"Georgia",2018,917,940,853,1008,"GA"
"Georgia",2018,917,940,853,1008,"GA"
"Georgia",2019,985,977,885,1049,"GA"
"Georgia",2019,985,977,885,1049,"GA"
"Georgia",2019,985,977,885,1049,"GA"
"Hawaii",2015,1173,1457,987,1500,"HI"
"Hawaii",2015,1173,1457,987,1500,"HI"
"Hawaii",2015,1173,1457,987,1500,"HI"
"Hawaii",2016,1143,1519,1061,1483,"HI"
"Hawaii",2016,1143,1519,1061,1483,"HI"
"Hawaii",2016,1143,1519,1061,1483,"HI"
"Hawaii",2017,1166,1598,1070,1573,"HI"
"Hawaii",2017,1166,1598,1070,1573,"HI"
"Hawaii",2017,1166,1598,1070,1573,"HI"
"Hawaii",2018,1186,1614,1016,1613,"HI"
"Hawaii",2018,1186,1614,1016,1613,"HI"
"Hawaii",2018,1186,1614,1016,1613,"HI"
"Hawaii",2019,1211,1719,1078,1651,"HI"
"Hawaii",2019,1211,1719,1078,1651,"HI"
"Hawaii",2019,1211,1719,1078,1651,"HI"
"Idaho",2015,572,720,515,770,"ID"
"Idaho",2015,572,720,515,770,"ID"
"Idaho",2015,572,720,515,770,"ID"
"Idaho",2016,575,740,570,790,"ID"
"Idaho",2016,575,740,570,790,"ID"
"Idaho",2016,575,740,570,790,"ID"
"Idaho",2017,603,769,605,822,"ID"
"Idaho",2017,603,769,605,822,"ID"
"Idaho",2017,603,769,605,822,"ID"
"Idaho",2018,620,814,599,848,"ID"
"Idaho",2018,620,814,599,848,"ID"
"Idaho",2018,620,814,599,848,"ID"
"Idaho",2019,681,843,625,880,"ID"
"Idaho",2019,681,843,625,880,"ID"
"Idaho",2019,681,843,625,880,"ID"
"Illinois",2015,802,945,753,936,"IL"
"Illinois",2015,802,945,753,936,"IL"
"Illinois",2015,802,945,753,936,"IL"
"Illinois",2016,833,952,786,950,"IL"
"Illinois",2016,833,952,786,950,"IL"
"Illinois",2016,833,952,786,950,"IL"
"Illinois",2017,851,977,801,974,"IL"
"Illinois",2017,851,977,801,974,"IL"
"Illinois",2017,851,977,801,974,"IL"
"Illinois",2018,860,1000,842,995,"IL"
"Illinois",2018,860,1000,842,995,"IL"
"Illinois",2018,860,1000,842,995,"IL"
"Illinois",2019,894,1023,855,1020,"IL"
"Illinois",2019,894,1023,855,1020,"IL"
"Illinois",2019,894,1023,855,1020,"IL"
"Indiana",2015,607,769,578,758,"IN"
"Indiana",2015,607,769,578,758,"IN"
"Indiana",2015,607,769,578,758,"IN"
"Indiana",2016,616,775,570,768,"IN"
"Indiana",2016,616,775,570,768,"IN"
"Indiana",2016,616,775,570,768,"IN"
"Indiana",2017,647,803,590,793,"IN"
"Indiana",2017,647,803,590,793,"IN"
"Indiana",2017,647,803,590,793,"IN"
"Indiana",2018,677,827,627,820,"IN"
"Indiana",2018,677,827,627,820,"IN"
"Indiana",2018,677,827,627,820,"IN"
"Indiana",2019,685,843,661,840,"IN"
"Indiana",2019,685,843,661,840,"IN"
"Indiana",2019,685,843,661,840,"IN"
"Iowa",2015,556,741,543,718,"IA"
"Iowa",2015,556,741,543,718,"IA"
"Iowa",2015,556,741,543,718,"IA"
"Iowa",2016,580,759,582,741,"IA"
"Iowa",2016,580,759,582,741,"IA"
"Iowa",2016,580,759,582,741,"IA"
"Iowa",2017,592,771,562,760,"IA"
"Iowa",2017,592,771,562,760,"IA"
"Iowa",2017,592,771,562,760,"IA"
"Iowa",2018,604,797,631,777,"IA"
"Iowa",2018,604,797,631,777,"IA"
"Iowa",2018,604,797,631,777,"IA"
"Iowa",2019,620,826,568,808,"IA"
"Iowa",2019,620,826,568,808,"IA"
"Iowa",2019,620,826,568,808,"IA"
"Kansas",2015,584,776,593,782,"KS"
"Kansas",2015,584,776,593,782,"KS"
"Kansas",2015,584,776,593,782,"KS"
"Kansas",2016,623,780,589,789,"KS"
"Kansas",2016,623,780,589,789,"KS"
"Kansas",2016,623,780,589,789,"KS"
"Kansas",2017,652,822,617,815,"KS"
"Kansas",2017,652,822,617,815,"KS"
"Kansas",2017,652,822,617,815,"KS"
"Kansas",2018,657,836,707,840,"KS"
"Kansas",2018,657,836,707,840,"KS"
"Kansas",2018,657,836,707,840,"KS"
"Kansas",2019,682,837,651,862,"KS"
"Kansas",2019,682,837,651,862,"KS"
"Kansas",2019,682,837,651,862,"KS"
"Kentucky",2015,558,690,508,702,"KY"
"Kentucky",2015,558,690,508,702,"KY"
"Kentucky",2015,558,690,508,702,"KY"
"Kentucky",2016,560,696,500,707,"KY"
"Kentucky",2016,560,696,500,707,"KY"
"Kentucky",2016,560,696,500,707,"KY"
"Kentucky",2017,578,703,507,724,"KY"
"Kentucky",2017,578,703,507,724,"KY"
"Kentucky",2017,578,703,507,724,"KY"
"Kentucky",2018,616,772,575,779,"KY"
"Kentucky",2018,616,772,575,779,"KY"
"Kentucky",2018,616,772,575,779,"KY"
"Kentucky",2019,652,760,574,773,"KY"
"Kentucky",2019,652,760,574,773,"KY"
"Kentucky",2019,652,760,574,773,"KY"
"Louisiana",2015,678,789,653,800,"LA"
"Louisiana",2015,678,789,653,800,"LA"
"Louisiana",2015,678,789,653,800,"LA"
"Louisiana",2016,681,802,632,808,"LA"
"Louisiana",2016,681,802,632,808,"LA"
"Louisiana",2016,681,802,632,808,"LA"
"Louisiana",2017,700,821,587,836,"LA"
"Louisiana",2017,700,821,587,836,"LA"
"Louisiana",2017,700,821,587,836,"LA"
"Louisiana",2018,732,844,614,854,"LA"
"Louisiana",2018,732,844,614,854,"LA"
"Louisiana",2018,732,844,614,854,"LA"
"Louisiana",2019,742,863,710,866,"LA"
"Louisiana",2019,742,863,710,866,"LA"
"Louisiana",2019,742,863,710,866,"LA"
"Maine",2015,619,859,665,792,"ME"
"Maine",2015,619,859,665,792,"ME"
"Maine",2015,619,859,665,792,"ME"
"Maine",2016,632,866,594,797,"ME"
"Maine",2016,632,866,594,797,"ME"
"Maine",2016,632,866,594,797,"ME"
"Maine",2017,647,868,529,806,"ME"
"Maine",2017,647,868,529,806,"ME"
"Maine",2017,647,868,529,806,"ME"
"Maine",2018,693,903,623,839,"ME"
"Maine",2018,693,903,623,839,"ME"
"Maine",2018,693,903,623,839,"ME"
"Maine",2019,673,909,727,870,"ME"
"Maine",2019,673,909,727,870,"ME"
"Maine",2019,673,909,727,870,"ME"
"Maryland",2015,1025,1310,904,1278,"MD"
"Maryland",2015,1025,1310,904,1278,"MD"
"Maryland",2015,1025,1310,904,1278,"MD"
"Maryland",2016,1079,1321,993,1314,"MD"
"Maryland",2016,1079,1321,993,1314,"MD"
"Maryland",2016,1079,1321,993,1314,"MD"
"Maryland",2017,1118,1355,1011,1337,"MD"
"Maryland",2017,1118,1355,1011,1337,"MD"
"Maryland",2017,1118,1355,1011,1337,"MD"
"Maryland",2018,1143,1392,1077,1371,"MD"
"Maryland",2018,1143,1392,1077,1371,"MD"
"Maryland",2018,1143,1392,1077,1371,"MD"
"Maryland",2019,1180,1424,1062,1401,"MD"
"Maryland",2019,1180,1424,1062,1401,"MD"
"Maryland",2019,1180,1424,1062,1401,"MD"
"Massachusetts",2015,920,1234,910,1164,"MA"
"Massachusetts",2015,920,1234,910,1164,"MA"
"Massachusetts",2015,920,1234,910,1164,"MA"
"Massachusetts",2016,966,1273,817,1179,"MA"
"Massachusetts",2016,966,1273,817,1179,"MA"
"Massachusetts",2016,966,1273,817,1179,"MA"
"Massachusetts",2017,981,1292,928,1208,"MA"
"Massachusetts",2017,981,1292,928,1208,"MA"
"Massachusetts",2017,981,1292,928,1208,"MA"
"Massachusetts",2018,1019,1381,917,1295,"MA"
"Massachusetts",2018,1019,1381,917,1295,"MA"
"Massachusetts",2018,1019,1381,917,1295,"MA"
"Massachusetts",2019,1086,1477,1100,1360,"MA"
"Massachusetts",2019,1086,1477,1100,1360,"MA"
"Massachusetts",2019,1086,1477,1100,1360,"MA"
"Michigan",2015,635,819,616,803,"MI"
"Michigan",2015,635,819,616,803,"MI"
"Michigan",2015,635,819,616,803,"MI"
"Michigan",2016,646,833,638,818,"MI"
"Michigan",2016,646,833,638,818,"MI"
"Michigan",2016,646,833,638,818,"MI"
"Michigan",2017,667,846,633,835,"MI"
"Michigan",2017,667,846,633,835,"MI"
"Michigan",2017,667,846,633,835,"MI"
"Michigan",2018,682,881,686,861,"MI"
"Michigan",2018,682,881,686,861,"MI"
"Michigan",2018,682,881,686,861,"MI"
"Michigan",2019,713,906,674,888,"MI"
"Michigan",2019,713,906,674,888,"MI"
"Michigan",2019,713,906,674,888,"MI"
"Minnesota",2015,747,945,709,888,"MN"
"Minnesota",2015,747,945,709,888,"MN"
"Minnesota",2015,747,945,709,888,"MN"
"Minnesota",2016,792,956,699,912,"MN"
"Minnesota",2016,792,956,699,912,"MN"
"Minnesota",2016,792,956,699,912,"MN"
"Minnesota",2017,817,994,728,939,"MN"
"Minnesota",2017,817,994,728,939,"MN"
"Minnesota",2017,817,994,728,939,"MN"
"Minnesota",2018,854,1033,780,969,"MN"
"Minnesota",2018,854,1033,780,969,"MN"
"Minnesota",2018,854,1033,780,969,"MN"
"Minnesota",2019,902,1082,831,1016,"MN"
"Minnesota",2019,902,1082,831,1016,"MN"
"Minnesota",2019,902,1082,831,1016,"MN"
"Mississippi",2015,560,693,528,724,"MS"
"Mississippi",2015,560,693,528,724,"MS"
"Mississippi",2015,560,693,528,724,"MS"
"Mississippi",2016,589,687,545,728,"MS"
"Mississippi",2016,589,687,545,728,"MS"
"Mississippi",2016,589,687,545,728,"MS"
"Mississippi",2017,564,703,550,742,"MS"
"Mississippi",2017,564,703,550,742,"MS"
"Mississippi",2017,564,703,550,742,"MS"
"Mississippi",2018,613,743,570,777,"MS"
"Mississippi",2018,613,743,570,777,"MS"
"Mississippi",2018,613,743,570,777,"MS"
"Mississippi",2019,613,747,598,777,"MS"
"Mississippi",2019,613,747,598,777,"MS"
"Mississippi",2019,613,747,598,777,"MS"
"Missouri",2015,600,757,555,763,"MO"
"Missouri",2015,600,757,555,763,"MO"
"Missouri",2015,600,757,555,763,"MO"
"Missouri",2016,611,765,580,771,"MO"
"Missouri",2016,611,765,580,771,"MO"
"Missouri",2016,611,765,580,771,"MO"
"Missouri",2017,636,789,622,800,"MO"
"Missouri",2017,636,789,622,800,"MO"
"Missouri",2017,636,789,622,800,"MO"
"Missouri",2018,661,819,691,830,"MO"
"Missouri",2018,661,819,691,830,"MO"
"Missouri",2018,661,819,691,830,"MO"
"Missouri",2019,683,829,687,834,"MO"
"Missouri",2019,683,829,687,834,"MO"
"Missouri",2019,683,829,687,834,"MO"
"Montana",2015,558,768,515,763,"MT"
"Montana",2015,558,768,515,763,"MT"
"Montana",2015,558,768,515,763,"MT"
"Montana",2016,566,761,498,741,"MT"
"Montana",2016,566,761,498,741,"MT"
"Montana",2016,566,761,498,741,"MT"
"Montana",2017,623,781,577,759,"MT"
"Montana",2017,623,781,577,759,"MT"
"Montana",2017,623,781,577,759,"MT"
"Montana",2018,620,830,607,811,"MT"
"Montana",2018,620,830,607,811,"MT"
"Montana",2018,620,830,607,811,"MT"
"Montana",2019,660,849,590,831,"MT"
"Montana",2019,660,849,590,831,"MT"
"Montana",2019,660,849,590,831,"MT"
"Nebraska",2015,625,760,600,750,"NE"
"Nebraska",2015,625,760,600,750,"NE"
"Nebraska",2015,625,760,600,750,"NE"
"Nebraska",2016,635,773,569,769,"NE"
"Nebraska",2016,635,773,569,769,"NE"
"Nebraska",2016,635,773,569,769,"NE"
"Nebraska",2017,657,812,548,801,"NE"
"Nebraska",2017,657,812,548,801,"NE"
"Nebraska",2017,657,812,548,801,"NE"
"Nebraska",2018,703,847,734,830,"NE"
"Nebraska",2018,703,847,734,830,"NE"
"Nebraska",2018,703,847,734,830,"NE"
"Nebraska",2019,737,850,727,859,"NE"
"Nebraska",2019,737,850,727,859,"NE"
"Nebraska",2019,737,850,727,859,"NE"
"Nevada",2015,740,922,622,980,"NV"
"Nevada",2015,740,922,622,980,"NV"
"Nevada",2015,740,922,622,980,"NV"
"Nevada",2016,757,928,618,1003,"NV"
"Nevada",2016,757,928,618,1003,"NV"
"Nevada",2016,757,928,618,1003,"NV"
"Nevada",2017,832,978,716,1051,"NV"
"Nevada",2017,832,978,716,1051,"NV"
"Nevada",2017,832,978,716,1051,"NV"
"Nevada",2018,885,1049,763,1108,"NV"
"Nevada",2018,885,1049,763,1108,"NV"
"Nevada",2018,885,1049,763,1108,"NV"
"Nevada",2019,937,1107,796,1168,"NV"
"Nevada",2019,937,1107,796,1168,"NV"
"Nevada",2019,937,1107,796,1168,"NV"
"New Hampshire",2015,801,1105,718,1017,"NH"
"New Hampshire",2015,801,1105,718,1017,"NH"
"New Hampshire",2015,801,1105,718,1017,"NH"
"New Hampshire",2016,842,1094,740,1026,"NH"
"New Hampshire",2016,842,1094,740,1026,"NH"
"New Hampshire",2016,842,1094,740,1026,"NH"
"New Hampshire",2017,849,1147,695,1072,"NH"
"New Hampshire",2017,849,1147,695,1072,"NH"
"New Hampshire",2017,849,1147,695,1072,"NH"
"New Hampshire",2018,854,1189,765,1090,"NH"
"New Hampshire",2018,854,1189,765,1090,"NH"
"New Hampshire",2018,854,1189,765,1090,"NH"
"New Hampshire",2019,900,1273,756,1147,"NH"
"New Hampshire",2019,900,1273,756,1147,"NH"
"New Hampshire",2019,900,1273,756,1147,"NH"
"New Jersey",2015,1024,1287,855,1214,"NJ"
"New Jersey",2015,1024,1287,855,1214,"NJ"
"New Jersey",2015,1024,1287,855,1214,"NJ"
"New Jersey",2016,1057,1318,874,1244,"NJ"
"New Jersey",2016,1057,1318,874,1244,"NJ"
"New Jersey",2016,1057,1318,874,1244,"NJ"
"New Jersey",2017,1092,1346,953,1284,"NJ"
"New Jersey",2017,1092,1346,953,1284,"NJ"
"New Jersey",2017,1092,1346,953,1284,"NJ"
"New Jersey",2018,1136,1418,979,1336,"NJ"
"New Jersey",2018,1136,1418,979,1336,"NJ"
"New Jersey",2018,1136,1418,979,1336,"NJ"
"New Jersey",2019,1181,1443,1059,1376,"NJ"
"New Jersey",2019,1181,1443,1059,1376,"NJ"
"New Jersey",2019,1181,1443,1059,1376,"NJ"
"New Mexico",2015,627,745,548,783,"NM"
"New Mexico",2015,627,745,548,783,"NM"
"New Mexico",2015,627,745,548,783,"NM"
"New Mexico",2016,643,782,565,804,"NM"
"New Mexico",2016,643,782,565,804,"NM"
"New Mexico",2016,643,782,565,804,"NM"
"New Mexico",2017,658,780,565,813,"NM"
"New Mexico",2017,658,780,565,813,"NM"
"New Mexico",2017,658,780,565,813,"NM"
"New Mexico",2018,647,806,598,830,"NM"
"New Mexico",2018,647,806,598,830,"NM"
"New Mexico",2018,647,806,598,830,"NM"
"New Mexico",2019,683,819,575,847,"NM"
"New Mexico",2019,683,819,575,847,"NM"
"New Mexico",2019,683,819,575,847,"NM"
"New York",2015,1122,1180,1091,1173,"NY"
"New York",2015,1122,1180,1091,1173,"NY"
"New York",2015,1122,1180,1091,1173,"NY"
"New York",2016,1148,1196,1115,1194,"NY"
"New York",2016,1148,1196,1115,1194,"NY"
"New York",2016,1148,1196,1115,1194,"NY"
"New York",2017,1177,1223,1158,1226,"NY"
"New York",2017,1177,1223,1158,1226,"NY"
"New York",2017,1177,1223,1158,1226,"NY"
"New York",2018,1208,1281,1198,1274,"NY"
"New York",2018,1208,1281,1198,1274,"NY"
"New York",2018,1208,1281,1198,1274,"NY"
"New York",2019,1248,1320,1218,1309,"NY"
"New York",2019,1248,1320,1218,1309,"NY"
"New York",2019,1248,1320,1218,1309,"NY"
"North Carolina",2015,692,774,744,827,"NC"
"North Carolina",2015,692,774,744,827,"NC"
"North Carolina",2015,692,774,744,827,"NC"
"North Carolina",2016,734,779,727,839,"NC"
"North Carolina",2016,734,779,727,839,"NC"
"North Carolina",2016,734,779,727,839,"NC"
"North Carolina",2017,760,810,745,861,"NC"
"North Carolina",2017,760,810,745,861,"NC"
"North Carolina",2017,760,810,745,861,"NC"
"North Carolina",2018,801,846,765,900,"NC"
"North Carolina",2018,801,846,765,900,"NC"
"North Carolina",2018,801,846,765,900,"NC"
"North Carolina",2019,853,878,732,931,"NC"
"North Carolina",2019,853,878,732,931,"NC"
"North Carolina",2019,853,878,732,931,"NC"
"North Dakota",2015,594,774,657,775,"ND"
"North Dakota",2015,594,774,657,775,"ND"
"North Dakota",2015,594,774,657,775,"ND"
"North Dakota",2016,631,787,540,776,"ND"
"North Dakota",2016,631,787,540,776,"ND"
"North Dakota",2016,631,787,540,776,"ND"
"North Dakota",2017,637,790,618,785,"ND"
"North Dakota",2017,637,790,618,785,"ND"
"North Dakota",2017,637,790,618,785,"ND"
"North Dakota",2018,723,786,661,808,"ND"
"North Dakota",2018,723,786,661,808,"ND"
"North Dakota",2018,723,786,661,808,"ND"
"North Dakota",2019,668,815,658,804,"ND"
"North Dakota",2019,668,815,658,804,"ND"
"North Dakota",2019,668,815,658,804,"ND"
"Ohio",2015,586,754,537,746,"OH"
"Ohio",2015,586,754,537,746,"OH"
"Ohio",2015,586,754,537,746,"OH"
"Ohio",2016,587,767,570,759,"OH"
"Ohio",2016,587,767,570,759,"OH"
"Ohio",2016,587,767,570,759,"OH"
"Ohio",2017,604,779,569,772,"OH"
"Ohio",2017,604,779,569,772,"OH"
"Ohio",2017,604,779,569,772,"OH"
"Ohio",2018,625,810,605,797,"OH"
"Ohio",2018,625,810,605,797,"OH"
"Ohio",2018,625,810,605,797,"OH"
"Ohio",2019,650,824,614,813,"OH"
"Ohio",2019,650,824,614,813,"OH"
"Ohio",2019,650,824,614,813,"OH"
"Oklahoma",2015,602,742,561,759,"OK"
"Oklahoma",2015,602,742,561,759,"OK"
"Oklahoma",2015,602,742,561,759,"OK"
"Oklahoma",2016,606,734,544,744,"OK"
"Oklahoma",2016,606,734,544,744,"OK"
"Oklahoma",2016,606,734,544,744,"OK"
"Oklahoma",2017,628,770,607,780,"OK"
"Oklahoma",2017,628,770,607,780,"OK"
"Oklahoma",2017,628,770,607,780,"OK"
"Oklahoma",2018,637,798,611,808,"OK"
"Oklahoma",2018,637,798,611,808,"OK"
"Oklahoma",2018,637,798,611,808,"OK"
"Oklahoma",2019,641,793,607,814,"OK"
"Oklahoma",2019,641,793,607,814,"OK"
"Oklahoma",2019,641,793,607,814,"OK"
"Oregon",2015,781,904,747,943,"OR"
"Oregon",2015,781,904,747,943,"OR"
"Oregon",2015,781,904,747,943,"OR"
"Oregon",2016,848,975,825,1015,"OR"
"Oregon",2016,848,975,825,1015,"OR"
"Oregon",2016,848,975,825,1015,"OR"
"Oregon",2017,890,1043,858,1079,"OR"
"Oregon",2017,890,1043,858,1079,"OR"
"Oregon",2017,890,1043,858,1079,"OR"
"Oregon",2018,931,1118,881,1130,"OR"
"Oregon",2018,931,1118,881,1130,"OR"
"Oregon",2018,931,1118,881,1130,"OR"
"Oregon",2019,998,1164,1017,1185,"OR"
"Oregon",2019,998,1164,1017,1185,"OR"
"Oregon",2019,998,1164,1017,1185,"OR"
"Pennsylvania",2015,720,893,666,868,"PA"
"Pennsylvania",2015,720,893,666,868,"PA"
"Pennsylvania",2015,720,893,666,868,"PA"
"Pennsylvania",2016,744,906,699,881,"PA"
"Pennsylvania",2016,744,906,699,881,"PA"
"Pennsylvania",2016,744,906,699,881,"PA"
"Pennsylvania",2017,757,915,755,893,"PA"
"Pennsylvania",2017,757,915,755,893,"PA"
"Pennsylvania",2017,757,915,755,893,"PA"
"Pennsylvania",2018,776,962,732,927,"PA"
"Pennsylvania",2018,776,962,732,927,"PA"
"Pennsylvania",2018,776,962,732,927,"PA"
"Pennsylvania",2019,805,971,762,951,"PA"
"Pennsylvania",2019,805,971,762,951,"PA"
"Pennsylvania",2019,805,971,762,951,"PA"
"Rhode Island",2015,710,968,642,938,"RI"
"Rhode Island",2015,710,968,642,938,"RI"
"Rhode Island",2015,710,968,642,938,"RI"
"Rhode Island",2016,761,988,677,948,"RI"
"Rhode Island",2016,761,988,677,948,"RI"
"Rhode Island",2016,761,988,677,948,"RI"
"Rhode Island",2017,715,1000,629,941,"RI"
"Rhode Island",2017,715,1000,629,941,"RI"
"Rhode Island",2017,715,1000,629,941,"RI"
"Rhode Island",2018,768,1065,725,998,"RI"
"Rhode Island",2018,768,1065,725,998,"RI"
"Rhode Island",2018,768,1065,725,998,"RI"
"Rhode Island",2019,845,1090,798,1043,"RI"
"Rhode Island",2019,845,1090,798,1043,"RI"
"Rhode Island",2019,845,1090,798,1043,"RI"
"South Carolina",2015,655,783,668,819,"SC"
"South Carolina",2015,655,783,668,819,"SC"
"South Carolina",2015,655,783,668,819,"SC"
"South Carolina",2016,689,799,731,841,"SC"
"South Carolina",2016,689,799,731,841,"SC"
"South Carolina",2016,689,799,731,841,"SC"
"South Carolina",2017,727,822,696,848,"SC"
"South Carolina",2017,727,822,696,848,"SC"
"South Carolina",2017,727,822,696,848,"SC"
"South Carolina",2018,778,839,737,892,"SC"
"South Carolina",2018,778,839,737,892,"SC"
"South Carolina",2018,778,839,737,892,"SC"
"South Carolina",2019,827,879,667,922,"SC"
"South Carolina",2019,827,879,667,922,"SC"
"South Carolina",2019,827,879,667,922,"SC"
"South Dakota",2015,532,692,423,675,"SD"
"South Dakota",2015,532,692,423,675,"SD"
"South Dakota",2015,532,692,423,675,"SD"
"South Dakota",2016,512,758,559,706,"SD"
"South Dakota",2016,512,758,559,706,"SD"
"South Dakota",2016,512,758,559,706,"SD"
"South Dakota",2017,556,752,575,722,"SD"
"South Dakota",2017,556,752,575,722,"SD"
"South Dakota",2017,556,752,575,722,"SD"
"South Dakota",2018,564,755,563,734,"SD"
"South Dakota",2018,564,755,563,734,"SD"
"South Dakota",2018,564,755,563,734,"SD"
"South Dakota",2019,600,790,592,769,"SD"
"South Dakota",2019,600,790,592,769,"SD"
"South Dakota",2019,600,790,592,769,"SD"
"Tennessee",2015,632,755,577,785,"TN"
"Tennessee",2015,632,755,577,785,"TN"
"Tennessee",2015,632,755,577,785,"TN"
"Tennessee",2016,668,779,642,806,"TN"
"Tennessee",2016,668,779,642,806,"TN"
"Tennessee",2016,668,779,642,806,"TN"
"Tennessee",2017,683,787,669,833,"TN"
"Tennessee",2017,683,787,669,833,"TN"
"Tennessee",2017,683,787,669,833,"TN"
"Tennessee",2018,716,828,745,861,"TN"
"Tennessee",2018,716,828,745,861,"TN"
"Tennessee",2018,716,828,745,861,"TN"
"Tennessee",2019,780,866,746,904,"TN"
"Tennessee",2019,780,866,746,904,"TN"
"Tennessee",2019,780,866,746,904,"TN"
"Texas",2015,792,919,740,932,"TX"
"Texas",2015,792,919,740,932,"TX"
"Texas",2015,792,919,740,932,"TX"
"Texas",2016,832,939,779,956,"TX"
"Texas",2016,832,939,779,956,"TX"
"Texas",2016,832,939,779,956,"TX"
"Texas",2017,863,973,788,987,"TX"
"Texas",2017,863,973,788,987,"TX"
"Texas",2017,863,973,788,987,"TX"
"Texas",2018,914,1040,845,1046,"TX"
"Texas",2018,914,1040,845,1046,"TX"
"Texas",2018,914,1040,845,1046,"TX"
"Texas",2019,954,1083,900,1091,"TX"
"Texas",2019,954,1083,900,1091,"TX"
"Texas",2019,954,1083,900,1091,"TX"
"Utah",2015,750,857,580,925,"UT"
"Utah",2015,750,857,580,925,"UT"
"Utah",2015,750,857,580,925,"UT"
"Utah",2016,764,893,734,954,"UT"
"Utah",2016,764,893,734,954,"UT"
"Utah",2016,764,893,734,954,"UT"
"Utah",2017,804,920,684,986,"UT"
"Utah",2017,804,920,684,986,"UT"
"Utah",2017,804,920,684,986,"UT"
"Utah",2018,845,959,789,1043,"UT"
"Utah",2018,845,959,789,1043,"UT"
"Utah",2018,845,959,789,1043,"UT"
"Utah",2019,922,1055,835,1098,"UT"
"Utah",2019,922,1055,835,1098,"UT"
"Utah",2019,922,1055,835,1098,"UT"
"Vermont",2015,778,1041,640,923,"VT"
"Vermont",2015,778,1041,640,923,"VT"
"Vermont",2015,778,1041,640,923,"VT"
"Vermont",2016,765,1023,745,925,"VT"
"Vermont",2016,765,1023,745,925,"VT"
"Vermont",2016,765,1023,745,925,"VT"
"Vermont",2017,761,1078,683,950,"VT"
"Vermont",2017,761,1078,683,950,"VT"
"Vermont",2017,761,1078,683,950,"VT"
"Vermont",2018,797,1131,706,969,"VT"
"Vermont",2018,797,1131,706,969,"VT"
"Vermont",2018,797,1131,706,969,"VT"
"Vermont",2019,825,1127,794,980,"VT"
"Vermont",2019,825,1127,794,980,"VT"
"Vermont",2019,825,1127,794,980,"VT"
"Virginia",2015,991,1064,1001,1144,"VA"
"Virginia",2015,991,1064,1001,1144,"VA"
"Virginia",2015,991,1064,1001,1144,"VA"
"Virginia",2016,1024,1064,1081,1159,"VA"
"Virginia",2016,1024,1064,1081,1159,"VA"
"Virginia",2016,1024,1064,1081,1159,"VA"
"Virginia",2017,1063,1074,1087,1179,"VA"
"Virginia",2017,1063,1074,1087,1179,"VA"
"Virginia",2017,1063,1074,1087,1179,"VA"
"Virginia",2018,1131,1126,1112,1215,"VA"
"Virginia",2018,1131,1126,1112,1215,"VA"
"Virginia",2018,1131,1126,1112,1215,"VA"
"Virginia",2019,1153,1172,1264,1254,"VA"
"Virginia",2019,1153,1172,1264,1254,"VA"
"Virginia",2019,1153,1172,1264,1254,"VA"
"Washington",2015,872,1031,872,1080,"WA"
"Washington",2015,872,1031,872,1080,"WA"
"Washington",2015,872,1031,872,1080,"WA"
"Washington",2016,953,1088,944,1135,"WA"
"Washington",2016,953,1088,944,1135,"WA"
"Washington",2016,953,1088,944,1135,"WA"
"Washington",2017,1030,1180,1066,1216,"WA"
"Washington",2017,1030,1180,1066,1216,"WA"
"Washington",2017,1030,1180,1066,1216,"WA"
"Washington",2018,1149,1259,1134,1316,"WA"
"Washington",2018,1149,1259,1134,1316,"WA"
"Washington",2018,1149,1259,1134,1316,"WA"
"Washington",2019,1190,1336,1171,1359,"WA"
"Washington",2019,1190,1336,1171,1359,"WA"
"Washington",2019,1190,1336,1171,1359,"WA"
"West Virginia",2015,495,670,754,675,"WV"
"West Virginia",2015,495,670,754,675,"WV"
"West Virginia",2015,495,670,754,675,"WV"
"West Virginia",2016,515,672,595,682,"WV"
"West Virginia",2016,515,672,595,682,"WV"
"West Virginia",2016,515,672,595,682,"WV"
"West Virginia",2017,515,691,434,690,"WV"
"West Virginia",2017,515,691,434,690,"WV"
"West Virginia",2017,515,691,434,690,"WV"
"West Virginia",2018,557,723,667,735,"WV"
"West Virginia",2018,557,723,667,735,"WV"
"West Virginia",2018,557,723,667,735,"WV"
"West Virginia",2019,540,739,539,727,"WV"
"West Virginia",2019,540,739,539,727,"WV"
"West Virginia",2019,540,739,539,727,"WV"
"Wisconsin",2015,633,810,607,792,"WI"
"Wisconsin",2015,633,810,607,792,"WI"
"Wisconsin",2015,633,810,607,792,"WI"
"Wisconsin",2016,658,808,607,802,"WI"
"Wisconsin",2016,658,808,607,802,"WI"
"Wisconsin",2016,658,808,607,802,"WI"
"Wisconsin",2017,658,830,646,819,"WI"
"Wisconsin",2017,658,830,646,819,"WI"
"Wisconsin",2017,658,830,646,819,"WI"
"Wisconsin",2018,688,860,647,847,"WI"
"Wisconsin",2018,688,860,647,847,"WI"
"Wisconsin",2018,688,860,647,847,"WI"
"Wisconsin",2019,706,881,727,867,"WI"
"Wisconsin",2019,706,881,727,867,"WI"
"Wisconsin",2019,706,881,727,867,"WI"
"Wyoming",2015,604,747,607,815,"WY"
"Wyoming",2015,604,747,607,815,"WY"
"Wyoming",2015,604,747,607,815,"WY"
"Wyoming",2016,644,785,631,840,"WY"
"Wyoming",2016,644,785,631,840,"WY"
"Wyoming",2016,644,785,631,840,"WY"
"Wyoming",2017,634,785,598,832,"WY"
"Wyoming",2017,634,785,598,832,"WY"
"Wyoming",2017,634,785,598,832,"WY"
"Wyoming",2018,605,785,725,818,"WY"
"Wyoming",2018,605,785,725,818,"WY"
"Wyoming",2018,605,785,725,818,"WY"
"Wyoming",2019,611,800,411,822,"WY"
"Wyoming",2019,611,800,411,822,"WY"
"Wyoming",2019,611,800,411,822,"WY"
